{
  "metal_cagra": {
    "recall": 1.0,
    "qps": 2216.9,
    "p50_ms": 43.75,
    "p99_ms": 65.52,
    "build_s": null,
    "backend": "metal-cagra/Metal"
  },
  "metalfaiss": {
    "recall": 1.0,
    "qps": 47459.43696327911,
    "p50_ms": 2.0969999895896763,
    "p99_ms": 2.2120829962659627,
    "build_s": 0.012242041993886232,
    "backend": "metalfaiss/MLX"
  },
  "dataset": {
    "N": 10000,
    "D": 1024,
    "Q": 100,
    "K": 10
  }
}