{
  "metal_cagra": {
    "recall": 0.9927,
    "qps": 600.5,
    "p50_ms": 1658.53,
    "p99_ms": 1701.54,
    "build_s": null,
    "backend": "cuvs-silicon/Metal"
  },
  "metalfaiss": {
    "recall": 1.0,
    "qps": 6894.277389609207,
    "p50_ms": 150.8460419718176,
    "p99_ms": 150.8460419718176,
    "build_s": 0.14239450002787635,
    "backend": "metalfaiss/MLX"
  },
  "dataset": {
    "N": 100000,
    "D": 1024,
    "Q": 1000,
    "K": 10
  }
}